Categories,pval,Bonferroni,B&H_FDR_adjusted_pval,B&Y_FDR_adjusted_pval
"Nitric Oxide Synthase, antagonists & inhibitors",0.00010584709895890869,0.00010584709895890869,0.00010584709895890869,0.00010584709895890869
Sulfonylureas,0.0006473881156790326,0.0006473881156790326,0.0006473881156790326,0.0006473881156790326
Urea,0.0015386412198652758,0.0015386412198652758,0.0015386412198652758,0.0015386412198652758
Drugs Used in Diabetes,0.0025815733311751327,0.0025815733311751327,0.0025815733311751327,0.0025815733311751327
"Pigments, Biological",0.005749746135010408,0.005749746135010408,0.005749746135010408,0.005749746135010408
Peptides,0.005749746135010408,0.005749746135010408,0.005749746135010408,0.005749746135010408
Sulfonylurea Compounds,0.006772522307081513,0.006772522307081513,0.006772522307081513,0.006772522307081513
Porphyrins,0.006772522307081513,0.006772522307081513,0.006772522307081513,0.006772522307081513
Hydroxy Acids,0.006797733353528594,0.006797733353528594,0.006797733353528594,0.006797733353528594
Oral Hypoglycemics,0.006934229404360605,0.006934229404360605,0.006934229404360605,0.006934229404360605
Biological Factors,0.01049939141415091,0.01049939141415091,0.01049939141415091,0.01049939141415091
Blood Glucose Lowering Agents,0.017553449736734852,0.017553449736734852,0.017553449736734852,0.017553449736734852
Surface-Active Agents,0.01993147475688839,0.01993147475688839,0.01993147475688839,0.01993147475688839
Stereoisomerism,0.01993147475688839,0.01993147475688839,0.01993147475688839,0.01993147475688839
Aminoacridines,0.01993147475688839,0.01993147475688839,0.01993147475688839,0.01993147475688839
Acridines,0.01993147475688839,0.01993147475688839,0.01993147475688839,0.01993147475688839
Pteridines,0.03709114951489824,0.03709114951489824,0.03709114951489824,0.03709114951489824
Hydroxylamines,0.03825035458108605,0.03825035458108605,0.03825035458108605,0.03825035458108605
Benzoates,0.049739855606328216,0.049739855606328216,0.049739855606328216,0.049739855606328216
Agrochemicals,0.04984087643135548,0.04984087643135548,0.04984087643135548,0.04984087643135548
Pesticides,0.04984087643135548,0.04984087643135548,0.04984087643135548,0.04984087643135548
Cyclohexanecarboxylic Acids,0.06355403670762665,0.06355403670762665,0.06355403670762665,0.06355403670762665
beta-Lactamase Inhibitors,0.06355403670762665,0.06355403670762665,0.06355403670762665,0.06355403670762665
Amidines,0.0672009060488189,0.0672009060488189,0.0672009060488189,0.0672009060488189
Insulins and Analogues,0.07360360302740115,0.07360360302740115,0.07360360302740115,0.07360360302740115
Lincosamides,0.07360360302740115,0.07360360302740115,0.07360360302740115,0.07360360302740115
Household Products,0.07360360302740115,0.07360360302740115,0.07360360302740115,0.07360360302740115
Emollients and Protectives,0.07360360302740115,0.07360360302740115,0.07360360302740115,0.07360360302740115
Intercalating Agents,0.07360360302740115,0.07360360302740115,0.07360360302740115,0.07360360302740115
"Insulins and Analogues for Injection, Long-Acting",0.07360360302740115,0.07360360302740115,0.07360360302740115,0.07360360302740115
Potassium Channel Antagonists,0.07360360302740115,0.07360360302740115,0.07360360302740115,0.07360360302740115
Isonicotinic Acids,0.07360360302740115,0.07360360302740115,0.07360360302740115,0.07360360302740115
"Insulins and Analogues for Injection, Intermediate- or Long-Acting Combined With Fast-Acting",0.07360360302740115,0.07360360302740115,0.07360360302740115,0.07360360302740115
Peptide Hormones,0.07360360302740115,0.07360360302740115,0.07360360302740115,0.07360360302740115
Glinide,0.07360360302740115,0.07360360302740115,0.07360360302740115,0.07360360302740115
"Insulins and Analogues for Injection, Fast-Acting",0.07360360302740115,0.07360360302740115,0.07360360302740115,0.07360360302740115
Insulin,0.07360360302740115,0.07360360302740115,0.07360360302740115,0.07360360302740115
"Insulins and Analogues for Injection, Intermediate-Acting",0.07360360302740115,0.07360360302740115,0.07360360302740115,0.07360360302740115
Pancreatic Hormones,0.07360360302740115,0.07360360302740115,0.07360360302740115,0.07360360302740115
Thiazolidinediones,0.07360360302740115,0.07360360302740115,0.07360360302740115,0.07360360302740115
Detergents,0.07360360302740115,0.07360360302740115,0.07360360302740115,0.07360360302740115
Anti-Inflammatory Agents,0.08301965350111504,0.08301965350111504,0.08301965350111504,0.08301965350111504
"Aldehyde Reductase, antagonists & inhibitors",0.09173947278947732,0.09173947278947732,0.09173947278947732,0.09173947278947732
Pterins,0.09173947278947732,0.09173947278947732,0.09173947278947732,0.09173947278947732
Oligopeptides,0.09173947278947732,0.09173947278947732,0.09173947278947732,0.09173947278947732
Vasodilating Agents,0.1052271936787663,0.1052271936787663,0.1052271936787663,0.1052271936787663
Sensory System Agents,0.11389904588662846,0.11389904588662846,0.11389904588662846,0.11389904588662846
Hydroxybenzoates,0.1271921312460991,0.1271921312460991,0.1271921312460991,0.1271921312460991
Coloring Agents,0.1271921312460991,0.1271921312460991,0.1271921312460991,0.1271921312460991
Biogenic Amines,0.1271921312460991,0.1271921312460991,0.1271921312460991,0.1271921312460991
Hypoglycemia-Associated Agents,0.13560567070445043,0.13560567070445043,0.13560567070445043,0.13560567070445043
Amino Sugars,0.14522859099735075,0.14522859099735075,0.14522859099735075,0.14522859099735075
Hypolipidemic Agents,0.14522859099735075,0.14522859099735075,0.14522859099735075,0.14522859099735075
Hexosamines,0.14522859099735075,0.14522859099735075,0.14522859099735075,0.14522859099735075
"Anti-Infective Agents, Local",0.15146664207274688,0.15146664207274688,0.15146664207274688,0.15146664207274688
Peripheral Nervous System Agents,0.17862146889664665,0.17862146889664665,0.17862146889664665,0.17862146889664665
Opiate Alkaloids,0.1809478595677287,0.1809478595677287,0.1809478595677287,0.1809478595677287
Peripheral Vasodilators,0.1809478595677287,0.1809478595677287,0.1809478595677287,0.1809478595677287
N-substituted Glycines,0.1809478595677287,0.1809478595677287,0.1809478595677287,0.1809478595677287
Glycine,0.1809478595677287,0.1809478595677287,0.1809478595677287,0.1809478595677287
Neuroprotective Agents,0.1809478595677287,0.1809478595677287,0.1809478595677287,0.1809478595677287
Biogenic Polyamines,0.1809478595677287,0.1809478595677287,0.1809478595677287,0.1809478595677287
Parasympatholytics,0.1809478595677287,0.1809478595677287,0.1809478595677287,0.1809478595677287
Acrylates,0.1809478595677287,0.1809478595677287,0.1809478595677287,0.1809478595677287
Nitrosoureas,0.1809478595677287,0.1809478595677287,0.1809478595677287,0.1809478595677287
Morphinans,0.1809478595677287,0.1809478595677287,0.1809478595677287,0.1809478595677287
Peptoids,0.1809478595677287,0.1809478595677287,0.1809478595677287,0.1809478595677287
Herbicides,0.1809478595677287,0.1809478595677287,0.1809478595677287,0.1809478595677287
Nitroso Compounds,0.1809478595677287,0.1809478595677287,0.1809478595677287,0.1809478595677287
Anticoagulants,0.1809478595677287,0.1809478595677287,0.1809478595677287,0.1809478595677287
Aldehydes,0.1809478595677287,0.1809478595677287,0.1809478595677287,0.1809478595677287
Phenols,0.18521039929165467,0.18521039929165467,0.18521039929165467,0.18521039929165467
"Peptides, Cyclic",0.20454338606040226,0.20454338606040226,0.20454338606040226,0.20454338606040226
Nitrogen Compounds,0.20454338606040226,0.20454338606040226,0.20454338606040226,0.20454338606040226
Pyrazoles,0.20765073895682035,0.20765073895682035,0.20765073895682035,0.20765073895682035
"Acids, Carbocyclic",0.22973316973449226,0.22973316973449226,0.22973316973449226,0.22973316973449226
"Analgesics, Non-Narcotic",0.26245860833353774,0.26245860833353774,0.26245860833353774,0.26245860833353774
Nitrogen Mustard Compounds,0.27146814404424485,0.27146814404424485,0.27146814404424485,0.27146814404424485
Blood Viscosity Reducer,0.27146814404424485,0.27146814404424485,0.27146814404424485,0.27146814404424485
"Corticosteroids, Dermatological Preparations",0.27146814404424485,0.27146814404424485,0.27146814404424485,0.27146814404424485
Surgical Fixation Devices,0.27146814404424485,0.27146814404424485,0.27146814404424485,0.27146814404424485
Cytochrome P450 3A Inhibitors,0.27146814404424485,0.27146814404424485,0.27146814404424485,0.27146814404424485
Surgical Equipment,0.27146814404424485,0.27146814404424485,0.27146814404424485,0.27146814404424485
Nitric Oxide Synthase,0.27146814404424485,0.27146814404424485,0.27146814404424485,0.27146814404424485
Copper,0.27146814404424485,0.27146814404424485,0.27146814404424485,0.27146814404424485
Thiocarbamide Derivatives,0.27146814404424485,0.27146814404424485,0.27146814404424485,0.27146814404424485
Phenylalanine Hydroxylase Activator,0.27146814404424485,0.27146814404424485,0.27146814404424485,0.27146814404424485
Chalcogens,0.27146814404424485,0.27146814404424485,0.27146814404424485,0.27146814404424485
Drugs Used in Opioid Dependence,0.27146814404424485,0.27146814404424485,0.27146814404424485,0.27146814404424485
Phthalimides,0.27146814404424485,0.27146814404424485,0.27146814404424485,0.27146814404424485
Tocolytic Agents,0.27146814404424485,0.27146814404424485,0.27146814404424485,0.27146814404424485
Dodecanol,0.27146814404424485,0.27146814404424485,0.27146814404424485,0.27146814404424485
Lipase Inhibitors,0.27146814404424485,0.27146814404424485,0.27146814404424485,0.27146814404424485
Glutathione,0.27146814404424485,0.27146814404424485,0.27146814404424485,0.27146814404424485
Catechols,0.27146814404424485,0.27146814404424485,0.27146814404424485,0.27146814404424485
Biopterin,0.27146814404424485,0.27146814404424485,0.27146814404424485,0.27146814404424485
Berberine Alkaloids,0.27146814404424485,0.27146814404424485,0.27146814404424485,0.27146814404424485
Cascara,0.27146814404424485,0.27146814404424485,0.27146814404424485,0.27146814404424485
"Chymotrypsin, antagonists & inhibitors",0.27146814404424485,0.27146814404424485,0.27146814404424485,0.27146814404424485
Vitamin K Antagonists,0.27146814404424485,0.27146814404424485,0.27146814404424485,0.27146814404424485
Phosphodiesterase Inhibitors,0.27146814404424485,0.27146814404424485,0.27146814404424485,0.27146814404424485
Opioid Antagonists,0.27146814404424485,0.27146814404424485,0.27146814404424485,0.27146814404424485
Cellulose,0.27146814404424485,0.27146814404424485,0.27146814404424485,0.27146814404424485
Medicated Shampoos,0.27146814404424485,0.27146814404424485,0.27146814404424485,0.27146814404424485
Peroxisome Proliferator-activated Receptor Activity,0.27146814404424485,0.27146814404424485,0.27146814404424485,0.27146814404424485
Hydroxamic Acids,0.27146814404424485,0.27146814404424485,0.27146814404424485,0.27146814404424485
Cytochrome P-450 CYP2C8 Inhibitors (strong),0.27146814404424485,0.27146814404424485,0.27146814404424485,0.27146814404424485
Corticosteroids for Systemic Use,0.27146814404424485,0.27146814404424485,0.27146814404424485,0.27146814404424485
"Dietary Fats, Unsaturated",0.27146814404424485,0.27146814404424485,0.27146814404424485,0.27146814404424485
"Steroids, Fluorinated",0.27146814404424485,0.27146814404424485,0.27146814404424485,0.27146814404424485
Oils,0.27146814404424485,0.27146814404424485,0.27146814404424485,0.27146814404424485
Glycodeoxycholic Acid,0.27146814404424485,0.27146814404424485,0.27146814404424485,0.27146814404424485
Nitrates,0.27146814404424485,0.27146814404424485,0.27146814404424485,0.27146814404424485
Iron Chelating Agents,0.27146814404424485,0.27146814404424485,0.27146814404424485,0.27146814404424485
Neuraminidase Inhibitors,0.27146814404424485,0.27146814404424485,0.27146814404424485,0.27146814404424485
Opiate Antagonists,0.27146814404424485,0.27146814404424485,0.27146814404424485,0.27146814404424485
Protectives Against UV-Radiation for Topical Use,0.27146814404424485,0.27146814404424485,0.27146814404424485,0.27146814404424485
Angiogenesis Inhibitors,0.27146814404424485,0.27146814404424485,0.27146814404424485,0.27146814404424485
Medical Gases,0.27146814404424485,0.27146814404424485,0.27146814404424485,0.27146814404424485
Gastric Function,0.27146814404424485,0.27146814404424485,0.27146814404424485,0.27146814404424485
"Peroxisome Proliferator-Activated Receptors, agonists",0.27146814404424485,0.27146814404424485,0.27146814404424485,0.27146814404424485
Intestinal Lipase Inhibitor,0.27146814404424485,0.27146814404424485,0.27146814404424485,0.27146814404424485
Adrenals,0.27146814404424485,0.27146814404424485,0.27146814404424485,0.27146814404424485
Biguanides and Amidines,0.27146814404424485,0.27146814404424485,0.27146814404424485,0.27146814404424485
Parasympathomimetics,0.27146814404424485,0.27146814404424485,0.27146814404424485,0.27146814404424485
"Electron Transport Complex III, antagonists & inhibitors",0.27146814404424485,0.27146814404424485,0.27146814404424485,0.27146814404424485
"Nucleotides, Cyclic",0.27146814404424485,0.27146814404424485,0.27146814404424485,0.27146814404424485
"Lipase, antagonists & inhibitors",0.27146814404424485,0.27146814404424485,0.27146814404424485,0.27146814404424485
"Epilepsy, drug therapy",0.27146814404424485,0.27146814404424485,0.27146814404424485,0.27146814404424485
UGT1A6 Inhibitors,0.27146814404424485,0.27146814404424485,0.27146814404424485,0.27146814404424485
Hemorrheologic Agents,0.27146814404424485,0.27146814404424485,0.27146814404424485,0.27146814404424485
Anthraquinones,0.27146814404424485,0.27146814404424485,0.27146814404424485,0.27146814404424485
Cross-Linking Reagents,0.27146814404424485,0.27146814404424485,0.27146814404424485,0.27146814404424485
Cytochrome P-450 CYP2E1 Inhibitors (moderate),0.27146814404424485,0.27146814404424485,0.27146814404424485,0.27146814404424485
Aminobenzoates,0.27146814404424485,0.27146814404424485,0.27146814404424485,0.27146814404424485
"Oils, Volatile",0.27146814404424485,0.27146814404424485,0.27146814404424485,0.27146814404424485
Morphine Derivatives,0.27146814404424485,0.27146814404424485,0.27146814404424485,0.27146814404424485
Piperidones,0.27146814404424485,0.27146814404424485,0.27146814404424485,0.27146814404424485
Plant Extracts,0.27146814404424485,0.27146814404424485,0.27146814404424485,0.27146814404424485
Corticosteroids,0.27146814404424485,0.27146814404424485,0.27146814404424485,0.27146814404424485
Mandelic Acids,0.27146814404424485,0.27146814404424485,0.27146814404424485,0.27146814404424485
Fats,0.27146814404424485,0.27146814404424485,0.27146814404424485,0.27146814404424485
Phosphodiesterase 5 Inhibitors,0.27146814404424485,0.27146814404424485,0.27146814404424485,0.27146814404424485
"Hexokinase, antagonists & inhibitors",0.27146814404424485,0.27146814404424485,0.27146814404424485,0.27146814404424485
Lincomycins,0.27146814404424485,0.27146814404424485,0.27146814404424485,0.27146814404424485
Fish Oils,0.27146814404424485,0.27146814404424485,0.27146814404424485,0.27146814404424485
Flavones,0.27146814404424485,0.27146814404424485,0.27146814404424485,0.27146814404424485
Hydrazides,0.27146814404424485,0.27146814404424485,0.27146814404424485,0.27146814404424485
4-Hydroxycoumarins,0.27146814404424485,0.27146814404424485,0.27146814404424485,0.27146814404424485
Theobromine,0.27146814404424485,0.27146814404424485,0.27146814404424485,0.27146814404424485
Umbelliferones,0.27146814404424485,0.27146814404424485,0.27146814404424485,0.27146814404424485
Protectives Against UV-Radiation,0.27146814404424485,0.27146814404424485,0.27146814404424485,0.27146814404424485
Trypanosoma,0.27146814404424485,0.27146814404424485,0.27146814404424485,0.27146814404424485
Phthalic Acids,0.27146814404424485,0.27146814404424485,0.27146814404424485,0.27146814404424485
Clavulanic Acids,0.27146814404424485,0.27146814404424485,0.27146814404424485,0.27146814404424485
Tests for Diabetes,0.27146814404424485,0.27146814404424485,0.27146814404424485,0.27146814404424485
Lincosamide Antibacterial,0.27146814404424485,0.27146814404424485,0.27146814404424485,0.27146814404424485
Pyrimidine Analog,0.27146814404424485,0.27146814404424485,0.27146814404424485,0.27146814404424485
Azirines,0.27146814404424485,0.27146814404424485,0.27146814404424485,0.27146814404424485
Ketone Bodies,0.27146814404424485,0.27146814404424485,0.27146814404424485,0.27146814404424485
Hydroxybenzoate Ethers,0.27146814404424485,0.27146814404424485,0.27146814404424485,0.27146814404424485
Benzylisoquinolines,0.27146814404424485,0.27146814404424485,0.27146814404424485,0.27146814404424485
Nitric Oxide,0.27146814404424485,0.27146814404424485,0.27146814404424485,0.27146814404424485
Miscellaneous GI Drugs,0.27146814404424485,0.27146814404424485,0.27146814404424485,0.27146814404424485
"Diuretics, Osmotic",0.27146814404424485,0.27146814404424485,0.27146814404424485,0.27146814404424485
Carbamide products,0.27146814404424485,0.27146814404424485,0.27146814404424485,0.27146814404424485
Tissue Adhesives,0.27146814404424485,0.27146814404424485,0.27146814404424485,0.27146814404424485
Lincomycin,0.27146814404424485,0.27146814404424485,0.27146814404424485,0.27146814404424485
Eicosanoids,0.27146814404424485,0.27146814404424485,0.27146814404424485,0.27146814404424485
Protein Precursors,0.27146814404424485,0.27146814404424485,0.27146814404424485,0.27146814404424485
Pregnanes,0.27146814404424485,0.27146814404424485,0.27146814404424485,0.27146814404424485
Meglitinides,0.27146814404424485,0.27146814404424485,0.27146814404424485,0.27146814404424485
Myristic Acids,0.27146814404424485,0.27146814404424485,0.27146814404424485,0.27146814404424485
Diphenylpropylamine Derivatives,0.27146814404424485,0.27146814404424485,0.27146814404424485,0.27146814404424485
Cytochrome P-450 CYP3A5 Inducers (moderate),0.27146814404424485,0.27146814404424485,0.27146814404424485,0.27146814404424485
Inducers of Drug Clearance,0.27146814404424485,0.27146814404424485,0.27146814404424485,0.27146814404424485
Vasodilators Used in Cardiac Diseases,0.27146814404424485,0.27146814404424485,0.27146814404424485,0.27146814404424485
Benzamidines,0.27146814404424485,0.27146814404424485,0.27146814404424485,0.27146814404424485
Diarylheptanoids,0.27146814404424485,0.27146814404424485,0.27146814404424485,0.27146814404424485
Peripherally Acting Antiobesity Products,0.27146814404424485,0.27146814404424485,0.27146814404424485,0.27146814404424485
Muscarinic Agonists,0.27146814404424485,0.27146814404424485,0.27146814404424485,0.27146814404424485
Corticosteroids for Local Oral Treatment,0.27146814404424485,0.27146814404424485,0.27146814404424485,0.27146814404424485
"Fatty Acids, Omega-3",0.27146814404424485,0.27146814404424485,0.27146814404424485,0.27146814404424485
Siderophores,0.27146814404424485,0.27146814404424485,0.27146814404424485,0.27146814404424485
Equipment and Supplies,0.27146814404424485,0.27146814404424485,0.27146814404424485,0.27146814404424485
Phenylalanine Hydroxylase Activators,0.27146814404424485,0.27146814404424485,0.27146814404424485,0.27146814404424485
Phenothiazines,0.27146814404424485,0.27146814404424485,0.27146814404424485,0.27146814404424485
Hydrazines,0.27146814404424485,0.27146814404424485,0.27146814404424485,0.27146814404424485
Analogs/Derivatives,0.27146814404424485,0.27146814404424485,0.27146814404424485,0.27146814404424485
"Antineoplastic Agents, Phytogenic",0.27146814404424485,0.27146814404424485,0.27146814404424485,0.27146814404424485
Chitinase,0.27146814404424485,0.27146814404424485,0.27146814404424485,0.27146814404424485
Nootropic Agents,0.27146814404424485,0.27146814404424485,0.27146814404424485,0.27146814404424485
Nitric Acid,0.27146814404424485,0.27146814404424485,0.27146814404424485,0.27146814404424485
Thiourea,0.27146814404424485,0.27146814404424485,0.27146814404424485,0.27146814404424485
Heptanes,0.27146814404424485,0.27146814404424485,0.27146814404424485,0.27146814404424485
Dietary Fats,0.27146814404424485,0.27146814404424485,0.27146814404424485,0.27146814404424485
Porphyrinogens,0.27146814404424485,0.27146814404424485,0.27146814404424485,0.27146814404424485
"Corticosteroids for Systemic Use, Plain",0.27146814404424485,0.27146814404424485,0.27146814404424485,0.27146814404424485
Acetamides,0.27146814404424485,0.27146814404424485,0.27146814404424485,0.27146814404424485
Azole Antifungals,0.27146814404424485,0.27146814404424485,0.27146814404424485,0.27146814404424485
General Nutrients,0.27146814404424485,0.27146814404424485,0.27146814404424485,0.27146814404424485
para-Aminobenzoates,0.27146814404424485,0.27146814404424485,0.27146814404424485,0.27146814404424485
"Hydrocarbons, Fluorinated",0.27146814404424485,0.27146814404424485,0.27146814404424485,0.27146814404424485
Proinsulin,0.27146814404424485,0.27146814404424485,0.27146814404424485,0.27146814404424485
"Aminopeptidases, antagonists & inhibitors",0.27146814404424485,0.27146814404424485,0.27146814404424485,0.27146814404424485
Antimutagenic Agents,0.27146814404424485,0.27146814404424485,0.27146814404424485,0.27146814404424485
Thallium,0.27146814404424485,0.27146814404424485,0.27146814404424485,0.27146814404424485
Pregnadienes,0.27146814404424485,0.27146814404424485,0.27146814404424485,0.27146814404424485
Decreased Cell Wall Synthesis & Repair,0.27146814404424485,0.27146814404424485,0.27146814404424485,0.27146814404424485
"Chitinase, antagonists & inhibitors",0.27146814404424485,0.27146814404424485,0.27146814404424485,0.27146814404424485
Lactates,0.27146814404424485,0.27146814404424485,0.27146814404424485,0.27146814404424485
Corticosteroid Hormone Receptor Agonists,0.27146814404424485,0.27146814404424485,0.27146814404424485,0.27146814404424485
"Insulin, Long-Acting",0.27146814404424485,0.27146814404424485,0.27146814404424485,0.27146814404424485
Mustard Compounds,0.27146814404424485,0.27146814404424485,0.27146814404424485,0.27146814404424485
Peroxisome Proliferator Receptor gamma Agonist,0.27146814404424485,0.27146814404424485,0.27146814404424485,0.27146814404424485
Imidazothiazole Derivatives,0.27146814404424485,0.27146814404424485,0.27146814404424485,0.27146814404424485
Breast Cancer Resistance Protein Inhibitors,0.27146814404424485,0.27146814404424485,0.27146814404424485,0.27146814404424485
14-alpha Demethylase Inhibitors,0.27146814404424485,0.27146814404424485,0.27146814404424485,0.27146814404424485
"Corticosteroids, Moderately Potent (Group II)",0.27146814404424485,0.27146814404424485,0.27146814404424485,0.27146814404424485
Tyrosine,0.27146814404424485,0.27146814404424485,0.27146814404424485,0.27146814404424485
Bacitracins,0.27146814404424485,0.27146814404424485,0.27146814404424485,0.27146814404424485
Quinacrine,0.27146814404424485,0.27146814404424485,0.27146814404424485,0.27146814404424485
"Cytidine Deaminase, antagonists & inhibitors",0.27146814404424485,0.27146814404424485,0.27146814404424485,0.27146814404424485
Aminobutyrates,0.27146814404424485,0.27146814404424485,0.27146814404424485,0.27146814404424485
Anti-Anxiety Agents,0.27146814404424485,0.27146814404424485,0.27146814404424485,0.27146814404424485
Glycocholic Acid,0.27146814404424485,0.27146814404424485,0.27146814404424485,0.27146814404424485
Insecticides,0.27146814404424485,0.27146814404424485,0.27146814404424485,0.27146814404424485
Alkanesulfonates,0.27146814404424485,0.27146814404424485,0.27146814404424485,0.27146814404424485
Pregnadienetriols,0.27146814404424485,0.27146814404424485,0.27146814404424485,0.27146814404424485
Chloroacetates,0.27146814404424485,0.27146814404424485,0.27146814404424485,0.27146814404424485
Antiemetics,0.27146814404424485,0.27146814404424485,0.27146814404424485,0.27146814404424485
Oxidation-Reduction Agent,0.27146814404424485,0.27146814404424485,0.27146814404424485,0.27146814404424485
Cytochrome P-450 CYP2A6 Inhibitors (strong),0.27146814404424485,0.27146814404424485,0.27146814404424485,0.27146814404424485
Hematologic Activity Alteration,0.27146814404424485,0.27146814404424485,0.27146814404424485,0.27146814404424485
Cytochrome P-450 CYP3A5 Inducers,0.27146814404424485,0.27146814404424485,0.27146814404424485,0.27146814404424485
Arginine,0.27146814404424485,0.27146814404424485,0.27146814404424485,0.27146814404424485
Solutions Producing Osmotic Diuresis,0.27146814404424485,0.27146814404424485,0.27146814404424485,0.27146814404424485
"Systemic Hormonal Preparations, Excl. Sex Hormones and Insulins",0.27146814404424485,0.27146814404424485,0.27146814404424485,0.27146814404424485
Chenodeoxycholic Acid,0.27146814404424485,0.27146814404424485,0.27146814404424485,0.27146814404424485
Phenylalanine,0.27146814404424485,0.27146814404424485,0.27146814404424485,0.27146814404424485
Gadolinium,0.27146814404424485,0.27146814404424485,0.27146814404424485,0.27146814404424485
PPAR gamma,0.27146814404424485,0.27146814404424485,0.27146814404424485,0.27146814404424485
Insulins and Analogues for Inhalation,0.27146814404424485,0.27146814404424485,0.27146814404424485,0.27146814404424485
Hematologic Agents,0.27593310247541264,0.27593310247541264,0.27593310247541264,0.27593310247541264
Benzopyrans,0.27593310247541264,0.27593310247541264,0.27593310247541264,0.27593310247541264
Imino Acids,0.289146321014255,0.289146321014255,0.289146321014255,0.289146321014255
Lipid Regulating Agents,0.289146321014255,0.289146321014255,0.289146321014255,0.289146321014255
Cyclohexenes,0.289146321014255,0.289146321014255,0.289146321014255,0.289146321014255
Antiplatelet agents,0.289146321014255,0.289146321014255,0.289146321014255,0.289146321014255
"Anti-Inflammatory Agents, Non-Steroidal",0.289146321014255,0.289146321014255,0.289146321014255,0.289146321014255
Throat Preparations,0.289146321014255,0.289146321014255,0.289146321014255,0.289146321014255
Radiation-Sensitizing Agents,0.289146321014255,0.289146321014255,0.289146321014255,0.289146321014255
Sugar Alcohols,0.289146321014255,0.289146321014255,0.289146321014255,0.289146321014255
Cytochrome P-450 CYP2A6 Inhibitors,0.289146321014255,0.289146321014255,0.289146321014255,0.289146321014255
Photosensitizing Agents,0.2983416824287934,0.2983416824287934,0.2983416824287934,0.2983416824287934
Cytochrome P-450 CYP2C9 Inhibitors (moderate),0.2983416824287934,0.2983416824287934,0.2983416824287934,0.2983416824287934
Coumarins,0.2983416824287934,0.2983416824287934,0.2983416824287934,0.2983416824287934
Alkylating Drugs,0.2983416824287934,0.2983416824287934,0.2983416824287934,0.2983416824287934
Fatty Acid Synthesis Inhibitors,0.2983416824287934,0.2983416824287934,0.2983416824287934,0.2983416824287934
Miscellaneous Therapeutic Agents,0.2983416824287934,0.2983416824287934,0.2983416824287934,0.2983416824287934
Diamines,0.2983416824287934,0.2983416824287934,0.2983416824287934,0.2983416824287934
Other Miscellaneous Therapeutic Agents,0.2983416824287934,0.2983416824287934,0.2983416824287934,0.2983416824287934
"Adjuvants, Immunologic",0.2983416824287934,0.2983416824287934,0.2983416824287934,0.2983416824287934
Pyrrolidines,0.2983416824287934,0.2983416824287934,0.2983416824287934,0.2983416824287934
Cholinesterase Inhibitors,0.2983416824287934,0.2983416824287934,0.2983416824287934,0.2983416824287934
Trimethyl Ammonium Compounds,0.2983416824287934,0.2983416824287934,0.2983416824287934,0.2983416824287934
Cholinergic Agents,0.2983416824287934,0.2983416824287934,0.2983416824287934,0.2983416824287934
Phenanthrenes,0.2983416824287934,0.2983416824287934,0.2983416824287934,0.2983416824287934
Analgesics,0.315267220904422,0.315267220904422,0.315267220904422,0.315267220904422
Pyrimidine Nucleosides,0.3235374465225631,0.3235374465225631,0.3235374465225631,0.3235374465225631
Cytochrome P-450 CYP2C9 Substrates,0.3237814773725771,0.3237814773725771,0.3237814773725771,0.3237814773725771
BSEP/ABCB11 Substrates,0.33565333320258817,0.33565333320258817,0.33565333320258817,0.33565333320258817
Indicators and Reagents,0.3470567941334816,0.3470567941334816,0.3470567941334816,0.3470567941334816
"Amino Acids, Cyclic",0.3588665784168726,0.3588665784168726,0.3588665784168726,0.3588665784168726
Antidotes,0.37549695902393565,0.37549695902393565,0.37549695902393565,0.37549695902393565
Cytochrome P-450 CYP3A Inhibitors (strong),0.37549695902393565,0.37549695902393565,0.37549695902393565,0.37549695902393565
Cytochrome P-450 CYP3A4 Inhibitors (strong),0.37549695902393565,0.37549695902393565,0.37549695902393565,0.37549695902393565
"Macrolides, Lincosamides and Streptogramins",0.37549695902393565,0.37549695902393565,0.37549695902393565,0.37549695902393565
Sulfones,0.4099776904027509,0.4099776904027509,0.4099776904027509,0.4099776904027509
Ammonium Compounds,0.41244138321644425,0.41244138321644425,0.41244138321644425,0.41244138321644425
Cyclooxygenase Inhibitors,0.41244138321644425,0.41244138321644425,0.41244138321644425,0.41244138321644425
Cytochrome P-450 CYP2C9 Inhibitors (strong),0.41244138321644425,0.41244138321644425,0.41244138321644425,0.41244138321644425
Quaternary Ammonium Compounds,0.41244138321644425,0.41244138321644425,0.41244138321644425,0.41244138321644425
Onium Compounds,0.41244138321644425,0.41244138321644425,0.41244138321644425,0.41244138321644425
Opioids,0.41244138321644425,0.41244138321644425,0.41244138321644425,0.41244138321644425
Diagnostic Agents,0.41244138321644425,0.41244138321644425,0.41244138321644425,0.41244138321644425
Glucans,0.41244138321644425,0.41244138321644425,0.41244138321644425,0.41244138321644425
Biopolymers,0.41244138321644425,0.41244138321644425,0.41244138321644425,0.41244138321644425
Laboratory Chemicals,0.4183496314621833,0.4183496314621833,0.4183496314621833,0.4183496314621833
"Fatty Acids, Volatile",0.42970355111589476,0.42970355111589476,0.42970355111589476,0.42970355111589476
Alkaloids,0.44785530656953343,0.44785530656953343,0.44785530656953343,0.44785530656953343
Antiarrhythmic agents,0.45942006905931787,0.45942006905931787,0.45942006905931787,0.45942006905931787
Thiazoles,0.45942006905931787,0.45942006905931787,0.45942006905931787,0.45942006905931787
"Hydrocarbons, Halogenated",0.45942006905931787,0.45942006905931787,0.45942006905931787,0.45942006905931787
Biomedical and Dental Materials,0.45942006905931787,0.45942006905931787,0.45942006905931787,0.45942006905931787
"Amino Acids, Aromatic",0.45942006905931787,0.45942006905931787,0.45942006905931787,0.45942006905931787
Hypnotics and Sedatives,0.46933268506198283,0.46933268506198283,0.46933268506198283,0.46933268506198283
Agents for Treatment of Hemorrhoids and Anal Fissures for Topical Use,0.46933268506198283,0.46933268506198283,0.46933268506198283,0.46933268506198283
Putrescine,0.46933268506198283,0.46933268506198283,0.46933268506198283,0.46933268506198283
Plant Preparations,0.46933268506198283,0.46933268506198283,0.46933268506198283,0.46933268506198283
Serine Proteinase Inhibitors,0.46933268506198283,0.46933268506198283,0.46933268506198283,0.46933268506198283
i.v. Solutions,0.46933268506198283,0.46933268506198283,0.46933268506198283,0.46933268506198283
Organic Acids,0.46933268506198283,0.46933268506198283,0.46933268506198283,0.46933268506198283
Disease-modifying Antirheumatic Agents,0.46933268506198283,0.46933268506198283,0.46933268506198283,0.46933268506198283
Agents Acting on the Renin-Angiotensin System,0.46933268506198283,0.46933268506198283,0.46933268506198283,0.46933268506198283
Calcium Channel Blockers,0.46933268506198283,0.46933268506198283,0.46933268506198283,0.46933268506198283
Ethanolamines,0.46933268506198283,0.46933268506198283,0.46933268506198283,0.46933268506198283
Fluorescent Dyes,0.46933268506198283,0.46933268506198283,0.46933268506198283,0.46933268506198283
Autacoids,0.46933268506198283,0.46933268506198283,0.46933268506198283,0.46933268506198283
Complex Mixtures,0.46933268506198283,0.46933268506198283,0.46933268506198283,0.46933268506198283
Imides,0.46933268506198283,0.46933268506198283,0.46933268506198283,0.46933268506198283
Isomerism,0.46933268506198283,0.46933268506198283,0.46933268506198283,0.46933268506198283
Isoindoles,0.46933268506198283,0.46933268506198283,0.46933268506198283,0.46933268506198283
Biogenic Monoamines,0.46933268506198283,0.46933268506198283,0.46933268506198283,0.46933268506198283
Ketoses,0.46933268506198283,0.46933268506198283,0.46933268506198283,0.46933268506198283
Anthracenes,0.46933268506198283,0.46933268506198283,0.46933268506198283,0.46933268506198283
Tests for Gastric Secretion,0.46933268506198283,0.46933268506198283,0.46933268506198283,0.46933268506198283
Gallium,0.46933268506198283,0.46933268506198283,0.46933268506198283,0.46933268506198283
Monoamine Oxidase Inhibitors,0.46933268506198283,0.46933268506198283,0.46933268506198283,0.46933268506198283
"Fungicides, Industrial",0.46933268506198283,0.46933268506198283,0.46933268506198283,0.46933268506198283
Purine Derivatives,0.46933268506198283,0.46933268506198283,0.46933268506198283,0.46933268506198283
Arsenicals,0.46933268506198283,0.46933268506198283,0.46933268506198283,0.46933268506198283
"Hydrocarbons, Chlorinated",0.46933268506198283,0.46933268506198283,0.46933268506198283,0.46933268506198283
Drugs Used in Addictive Disorders,0.46933268506198283,0.46933268506198283,0.46933268506198283,0.46933268506198283
Other Nonsteroidal Antiimflammatory Agents,0.46933268506198283,0.46933268506198283,0.46933268506198283,0.46933268506198283
"Antiinflammatory Preparations, Non-Steroids for Topical Use",0.46933268506198283,0.46933268506198283,0.46933268506198283,0.46933268506198283
Anti-Dementia Drugs,0.46933268506198283,0.46933268506198283,0.46933268506198283,0.46933268506198283
Biological Products,0.46933268506198283,0.46933268506198283,0.46933268506198283,0.46933268506198283
Basic Ointments and Protectants,0.46933268506198283,0.46933268506198283,0.46933268506198283,0.46933268506198283
Choline,0.46933268506198283,0.46933268506198283,0.46933268506198283,0.46933268506198283
Macrolide Antimicrobial,0.46933268506198283,0.46933268506198283,0.46933268506198283,0.46933268506198283
Cytochrome P-450 CYP3A7 Inducers,0.46933268506198283,0.46933268506198283,0.46933268506198283,0.46933268506198283
Cytochrome P-450 CYP3A4 Inducers (moderate),0.46933268506198283,0.46933268506198283,0.46933268506198283,0.46933268506198283
Decreased Sebaceous Gland Activity,0.46933268506198283,0.46933268506198283,0.46933268506198283,0.46933268506198283
Acetic Acid Derivatives and Related Substances,0.46933268506198283,0.46933268506198283,0.46933268506198283,0.46933268506198283
Imidazole Derivatives,0.46933268506198283,0.46933268506198283,0.46933268506198283,0.46933268506198283
Antimycotics for Systemic Use,0.46933268506198283,0.46933268506198283,0.46933268506198283,0.46933268506198283
Contrast Media,0.46933268506198283,0.46933268506198283,0.46933268506198283,0.46933268506198283
Oxygen Compounds,0.46933268506198283,0.46933268506198283,0.46933268506198283,0.46933268506198283
Angiotensin-Converting Enzyme Inhibitors,0.46933268506198283,0.46933268506198283,0.46933268506198283,0.46933268506198283
Radiation-Protective Agents,0.46933268506198283,0.46933268506198283,0.46933268506198283,0.46933268506198283
Metalloporphyrins,0.46933268506198283,0.46933268506198283,0.46933268506198283,0.46933268506198283
Fibrinolytic Agents,0.46933268506198283,0.46933268506198283,0.46933268506198283,0.46933268506198283
Boron Compounds,0.46933268506198283,0.46933268506198283,0.46933268506198283,0.46933268506198283
Cytochrome P450 3A4 Inhibitors,0.46933268506198283,0.46933268506198283,0.46933268506198283,0.46933268506198283
"Antineoplastic Agents, Hormonal",0.46933268506198283,0.46933268506198283,0.46933268506198283,0.46933268506198283
"Ribonucleotide Reductases, antagonists & inhibitors",0.46933268506198283,0.46933268506198283,0.46933268506198283,0.46933268506198283
Inflammation Mediators,0.46933268506198283,0.46933268506198283,0.46933268506198283,0.46933268506198283
Trypanocidal Agents,0.46933268506198283,0.46933268506198283,0.46933268506198283,0.46933268506198283
Cytochrome P-450 CYP2B6 Inhibitors (moderate),0.46933268506198283,0.46933268506198283,0.46933268506198283,0.46933268506198283
Growth Inhibitors,0.46933268506198283,0.46933268506198283,0.46933268506198283,0.46933268506198283
Cytochrome P-450 CYP2E1 Inhibitors (strong),0.46933268506198283,0.46933268506198283,0.46933268506198283,0.46933268506198283
"Vaginal Creams, Foams, and Jellies",0.46933268506198283,0.46933268506198283,0.46933268506198283,0.46933268506198283
Topical Products for Joint and Muscular Pain,0.46933268506198283,0.46933268506198283,0.46933268506198283,0.46933268506198283
Nitrosourea Compounds,0.46933268506198283,0.46933268506198283,0.46933268506198283,0.46933268506198283
Anti-HIV Agents,0.46933268506198283,0.46933268506198283,0.46933268506198283,0.46933268506198283
Propionates,0.46933268506198283,0.46933268506198283,0.46933268506198283,0.46933268506198283
Phenyl Ethers,0.46933268506198283,0.46933268506198283,0.46933268506198283,0.46933268506198283
Platelet Aggregation Inhibitors Excl. Heparin,0.46933268506198283,0.46933268506198283,0.46933268506198283,0.46933268506198283
Steroid Synthesis Inhibitors,0.46933268506198283,0.46933268506198283,0.46933268506198283,0.46933268506198283
Antifungal Agents (Vaginal),0.46933268506198283,0.46933268506198283,0.46933268506198283,0.46933268506198283
Triazenes,0.46933268506198283,0.46933268506198283,0.46933268506198283,0.46933268506198283
Diagnostic Uses of Chemicals,0.46933268506198283,0.46933268506198283,0.46933268506198283,0.46933268506198283
Proline,0.46933268506198283,0.46933268506198283,0.46933268506198283,0.46933268506198283
Imidazole and Triazole Derivatives,0.46933268506198283,0.46933268506198283,0.46933268506198283,0.46933268506198283
Streptogramin Antibacterial,0.46933268506198283,0.46933268506198283,0.46933268506198283,0.46933268506198283
"Acids, Acyclic",0.4777624390907071,0.4777624390907071,0.4777624390907071,0.4777624390907071
Antioxidants,0.4876345306303126,0.4876345306303126,0.4876345306303126,0.4876345306303126
Pyrans,0.4876345306303126,0.4876345306303126,0.4876345306303126,0.4876345306303126
Narcotics,0.5163903817928227,0.5163903817928227,0.5163903817928227,0.5163903817928227
Organometallic Compounds,0.5163903817928227,0.5163903817928227,0.5163903817928227,0.5163903817928227
Hexosephosphates,0.5163903817928227,0.5163903817928227,0.5163903817928227,0.5163903817928227
"Anti-Inflammatory Agents, Non-Steroidal (Non-Selective)",0.5163903817928227,0.5163903817928227,0.5163903817928227,0.5163903817928227
Polyamines,0.5163903817928227,0.5163903817928227,0.5163903817928227,0.5163903817928227
Sulfhydryl Compounds,0.5163903817928227,0.5163903817928227,0.5163903817928227,0.5163903817928227
Alkanes,0.5163903817928227,0.5163903817928227,0.5163903817928227,0.5163903817928227
Butyrates,0.5163903817928227,0.5163903817928227,0.5163903817928227,0.5163903817928227
"Amino Acids, Essential",0.5379260636929614,0.5379260636929614,0.5379260636929614,0.5379260636929614
Acetates,0.5380573404505172,0.5380573404505172,0.5380573404505172,0.5380573404505172
Imidazoles,0.5380573404505172,0.5380573404505172,0.5380573404505172,0.5380573404505172
"Hormones, Hormone Substitutes, and Hormone Antagonists",0.5532733642732927,0.5532733642732927,0.5532733642732927,0.5532733642732927
Drugs for Treatment of Tuberculosis,0.6072880061059707,0.6072880061059707,0.6072880061059707,0.6072880061059707
Miscellaneous Local Anti-infectives,0.6072880061059707,0.6072880061059707,0.6072880061059707,0.6072880061059707
Hyperglycemia-Associated Agents,0.6072880061059707,0.6072880061059707,0.6072880061059707,0.6072880061059707
Ophthalmological and Otological Preparations,0.6072880061059707,0.6072880061059707,0.6072880061059707,0.6072880061059707
Macromolecular Substances,0.6072880061059707,0.6072880061059707,0.6072880061059707,0.6072880061059707
Polymers,0.6072880061059707,0.6072880061059707,0.6072880061059707,0.6072880061059707
Cytochrome P-450 CYP2E1 Inducers,0.6072880061059707,0.6072880061059707,0.6072880061059707,0.6072880061059707
Cytochrome P-450 CYP3A5 Inhibitors,0.6072880061059707,0.6072880061059707,0.6072880061059707,0.6072880061059707
Hormones,0.6096825453196815,0.6096825453196815,0.6096825453196815,0.6096825453196815
"Amino Acids, Basic",0.6096825453196815,0.6096825453196815,0.6096825453196815,0.6096825453196815
Cytochrome P-450 CYP3A7 Substrates,0.6096825453196815,0.6096825453196815,0.6096825453196815,0.6096825453196815
Purinones,0.6096825453196815,0.6096825453196815,0.6096825453196815,0.6096825453196815
"Fatty Acids, Unsaturated",0.6135250978074407,0.6135250978074407,0.6135250978074407,0.6135250978074407
Glucosamine,0.6135250978074407,0.6135250978074407,0.6135250978074407,0.6135250978074407
Antipsychotic Agents,0.6135250978074407,0.6135250978074407,0.6135250978074407,0.6135250978074407
Indoles,0.6135250978074407,0.6135250978074407,0.6135250978074407,0.6135250978074407
Catecholamines,0.6135250978074407,0.6135250978074407,0.6135250978074407,0.6135250978074407
Nonsteroidal Anti-inflammatory Compounds,0.6135250978074407,0.6135250978074407,0.6135250978074407,0.6135250978074407
Cytochrome P-450 CYP2A6 Inducers,0.6135250978074407,0.6135250978074407,0.6135250978074407,0.6135250978074407
Alkylating Activity,0.6135250978074407,0.6135250978074407,0.6135250978074407,0.6135250978074407
Flavins,0.6135250978074407,0.6135250978074407,0.6135250978074407,0.6135250978074407
Cytochrome P-450 CYP3A5 Inhibitors (strong),0.6135250978074407,0.6135250978074407,0.6135250978074407,0.6135250978074407
"Antineoplastic Agents, Alkylating",0.6135250978074407,0.6135250978074407,0.6135250978074407,0.6135250978074407
Vasoprotectives,0.6135250978074407,0.6135250978074407,0.6135250978074407,0.6135250978074407
Anticonvulsants,0.6135250978074407,0.6135250978074407,0.6135250978074407,0.6135250978074407
Antinematodal Agents,0.6135250978074407,0.6135250978074407,0.6135250978074407,0.6135250978074407
Luminescent Agents,0.6135250978074407,0.6135250978074407,0.6135250978074407,0.6135250978074407
Hormone Antagonists,0.6135250978074407,0.6135250978074407,0.6135250978074407,0.6135250978074407
Direct Acting Antivirals,0.6135250978074407,0.6135250978074407,0.6135250978074407,0.6135250978074407
Streptogramins,0.6135250978074407,0.6135250978074407,0.6135250978074407,0.6135250978074407
Folic Acid,0.6135250978074407,0.6135250978074407,0.6135250978074407,0.6135250978074407
Mydriatics and Cycloplegics,0.6135250978074407,0.6135250978074407,0.6135250978074407,0.6135250978074407
Chlorine Compounds,0.6135250978074407,0.6135250978074407,0.6135250978074407,0.6135250978074407
GABA Agents,0.6135250978074407,0.6135250978074407,0.6135250978074407,0.6135250978074407
Benzylidene Compounds,0.6135250978074407,0.6135250978074407,0.6135250978074407,0.6135250978074407
Other Macrolides,0.6135250978074407,0.6135250978074407,0.6135250978074407,0.6135250978074407
Erythromycin,0.6135250978074407,0.6135250978074407,0.6135250978074407,0.6135250978074407
Anticholesteremic Agents,0.6135250978074407,0.6135250978074407,0.6135250978074407,0.6135250978074407
Reproductive Control Agents,0.6135250978074407,0.6135250978074407,0.6135250978074407,0.6135250978074407
Adrenal Cortex Hormones,0.6135250978074407,0.6135250978074407,0.6135250978074407,0.6135250978074407
Antivirals for Systemic Use,0.6135250978074407,0.6135250978074407,0.6135250978074407,0.6135250978074407
Free Radical Scavengers,0.6135250978074407,0.6135250978074407,0.6135250978074407,0.6135250978074407
Protein Kinase Inhibitors,0.6135250978074407,0.6135250978074407,0.6135250978074407,0.6135250978074407
Benzyl Compounds,0.6135250978074407,0.6135250978074407,0.6135250978074407,0.6135250978074407
Nicotinic Acids,0.6135250978074407,0.6135250978074407,0.6135250978074407,0.6135250978074407
Alanine,0.6135250978074407,0.6135250978074407,0.6135250978074407,0.6135250978074407
"Lipid Modifying Agents, Plain",0.6135250978074407,0.6135250978074407,0.6135250978074407,0.6135250978074407
Drugs for Obstructive Airway Diseases,0.6135250978074407,0.6135250978074407,0.6135250978074407,0.6135250978074407
Deoxycholic Acid,0.6135250978074407,0.6135250978074407,0.6135250978074407,0.6135250978074407
Tranquilizing Agents,0.6135250978074407,0.6135250978074407,0.6135250978074407,0.6135250978074407
Prodrugs,0.6135250978074407,0.6135250978074407,0.6135250978074407,0.6135250978074407
Autonomic Agents,0.6141429011177961,0.6141429011177961,0.6141429011177961,0.6141429011177961
Agents causing hyperkalemia,0.6695720992982179,0.6695720992982179,0.6695720992982179,0.6695720992982179
Alimentary Tract and Metabolism,0.6709556212671495,0.6709556212671495,0.6709556212671495,0.6709556212671495
Imines,0.6734601832716635,0.6734601832716635,0.6734601832716635,0.6734601832716635
Oligosaccharides,0.6734601832716635,0.6734601832716635,0.6734601832716635,0.6734601832716635
"Amino Acids, Peptides, and Proteins",0.6734988296360555,0.6734988296360555,0.6734988296360555,0.6734988296360555
Cytochrome P-450 CYP3A4 Inhibitors (moderate),0.684551688466747,0.684551688466747,0.684551688466747,0.684551688466747
Xanthine derivatives,0.684551688466747,0.684551688466747,0.684551688466747,0.684551688466747
Nasal Preparations,0.684551688466747,0.684551688466747,0.684551688466747,0.684551688466747
Fatty Alcohols,0.684551688466747,0.684551688466747,0.684551688466747,0.684551688466747
BSEP/ABCB11 Inhibitors,0.684551688466747,0.684551688466747,0.684551688466747,0.684551688466747
Cytochrome P-450 CYP2C19 Inhibitors (strong),0.684551688466747,0.684551688466747,0.684551688466747,0.684551688466747
Antituberculosis Agents,0.684551688466747,0.684551688466747,0.684551688466747,0.684551688466747
Laxatives,0.684551688466747,0.684551688466747,0.684551688466747,0.684551688466747
Cardiotoxic antineoplastic agents,0.684551688466747,0.684551688466747,0.684551688466747,0.684551688466747
Alcohols,0.7102276396420493,0.7102276396420493,0.7102276396420493,0.7102276396420493
Toxic Actions,0.7108884247431932,0.7108884247431932,0.7108884247431932,0.7108884247431932
Isoquinolines,0.7185862362690436,0.7185862362690436,0.7185862362690436,0.7185862362690436
Lipid Modifying Agents,0.7185862362690436,0.7185862362690436,0.7185862362690436,0.7185862362690436
Hexoses,0.7185862362690436,0.7185862362690436,0.7185862362690436,0.7185862362690436
Selective Immunosuppressants,0.7185862362690436,0.7185862362690436,0.7185862362690436,0.7185862362690436
UGT1A1 Inhibitors,0.7185862362690436,0.7185862362690436,0.7185862362690436,0.7185862362690436
Bile Therapy,0.7185862362690436,0.7185862362690436,0.7185862362690436,0.7185862362690436
Antigout Preparations,0.7185862362690436,0.7185862362690436,0.7185862362690436,0.7185862362690436
Antiviral Agents,0.7185862362690436,0.7185862362690436,0.7185862362690436,0.7185862362690436
UGT1A6 substrate,0.7185862362690436,0.7185862362690436,0.7185862362690436,0.7185862362690436
Alkanesulfonic Acids,0.7185862362690436,0.7185862362690436,0.7185862362690436,0.7185862362690436
Flavonoids,0.7185862362690436,0.7185862362690436,0.7185862362690436,0.7185862362690436
Anticarcinogenic Agents,0.7185862362690436,0.7185862362690436,0.7185862362690436,0.7185862362690436
Antiinfectives for Treatment of Acne,0.7185862362690436,0.7185862362690436,0.7185862362690436,0.7185862362690436
Keratolytic Agents,0.7185862362690436,0.7185862362690436,0.7185862362690436,0.7185862362690436
Carbapenems,0.7185862362690436,0.7185862362690436,0.7185862362690436,0.7185862362690436
Various Alimentary Tract and Metabolism Products,0.7185862362690436,0.7185862362690436,0.7185862362690436,0.7185862362690436
Opioid Agonist,0.7185862362690436,0.7185862362690436,0.7185862362690436,0.7185862362690436
"Antiinflammatory and Antirheumatic Products, Non-Steroids",0.7185862362690436,0.7185862362690436,0.7185862362690436,0.7185862362690436
BSEP/ABCB11 inducers,0.7185862362690436,0.7185862362690436,0.7185862362690436,0.7185862362690436
Gases,0.7185862362690436,0.7185862362690436,0.7185862362690436,0.7185862362690436
Bradycardia-Causing Agents,0.7185862362690436,0.7185862362690436,0.7185862362690436,0.7185862362690436
Penem Antibacterial,0.7185862362690436,0.7185862362690436,0.7185862362690436,0.7185862362690436
Uncoupling Agents,0.7185862362690436,0.7185862362690436,0.7185862362690436,0.7185862362690436
Cyclohexanes,0.7192620452636598,0.7192620452636598,0.7192620452636598,0.7192620452636598
UGT1A1 Substrates,0.7192620452636598,0.7192620452636598,0.7192620452636598,0.7192620452636598
UGT1A9 Substrates,0.7292078790640251,0.7292078790640251,0.7292078790640251,0.7292078790640251
Polysaccharides,0.7292078790640251,0.7292078790640251,0.7292078790640251,0.7292078790640251
"Amino Acids, Diamino",0.7292078790640251,0.7292078790640251,0.7292078790640251,0.7292078790640251
Fatty Acids,0.742617102483623,0.742617102483623,0.742617102483623,0.742617102483623
Benzene Derivatives,0.742617102483623,0.742617102483623,0.742617102483623,0.742617102483623
Amines,0.7451696078524334,0.7451696078524334,0.7451696078524334,0.7451696078524334
Stomatological Preparations,0.7488750082987771,0.7488750082987771,0.7488750082987771,0.7488750082987771
Antiseptics and Disinfectants,0.7488750082987771,0.7488750082987771,0.7488750082987771,0.7488750082987771
Disaccharides,0.7488750082987771,0.7488750082987771,0.7488750082987771,0.7488750082987771
Antimycobacterials,0.7488750082987771,0.7488750082987771,0.7488750082987771,0.7488750082987771
Cytochrome P-450 CYP2B6 Inducers,0.7488750082987771,0.7488750082987771,0.7488750082987771,0.7488750082987771
Acids,0.7632027822270522,0.7632027822270522,0.7632027822270522,0.7632027822270522
"Acids, Noncarboxylic",0.7632027822270522,0.7632027822270522,0.7632027822270522,0.7632027822270522
Lipids,0.7694204641574782,0.7694204641574782,0.7694204641574782,0.7694204641574782
Chemically-Induced Disorders,0.7771900194610399,0.7771900194610399,0.7771900194610399,0.7771900194610399
Cytochrome P-450 CYP2C8 Substrates,0.7907707996570116,0.7907707996570116,0.7907707996570116,0.7907707996570116
Cholanes,0.7951224495302127,0.7951224495302127,0.7951224495302127,0.7951224495302127
Cytochrome P-450 CYP2D6 Inducers,0.7951224495302127,0.7951224495302127,0.7951224495302127,0.7951224495302127
Amino Alcohols,0.7951224495302127,0.7951224495302127,0.7951224495302127,0.7951224495302127
Cytochrome P-450 CYP2C8 Inducers,0.7951224495302127,0.7951224495302127,0.7951224495302127,0.7951224495302127
Folic Acid Analogues,0.7951224495302127,0.7951224495302127,0.7951224495302127,0.7951224495302127
Chromones,0.7951224495302127,0.7951224495302127,0.7951224495302127,0.7951224495302127
Cytochrome P-450 CYP1A2 Inhibitors (moderate),0.7951224495302127,0.7951224495302127,0.7951224495302127,0.7951224495302127
Fluorouracil and prodrugs,0.7951224495302127,0.7951224495302127,0.7951224495302127,0.7951224495302127
Pharmaceutical Preparations,0.7951224495302127,0.7951224495302127,0.7951224495302127,0.7951224495302127
Sweetening Agents,0.7951224495302127,0.7951224495302127,0.7951224495302127,0.7951224495302127
Antifungals for Topical Use,0.7951224495302127,0.7951224495302127,0.7951224495302127,0.7951224495302127
Cephalexin,0.7951224495302127,0.7951224495302127,0.7951224495302127,0.7951224495302127
Bile and Liver Therapy,0.7951224495302127,0.7951224495302127,0.7951224495302127,0.7951224495302127
Antifungals for Dermatological Use,0.7951224495302127,0.7951224495302127,0.7951224495302127,0.7951224495302127
Flavoring Agents,0.7951224495302127,0.7951224495302127,0.7951224495302127,0.7951224495302127
Antiinflammatory and Antirheumatic Products,0.7951224495302127,0.7951224495302127,0.7951224495302127,0.7951224495302127
Anthelmintics,0.7951224495302127,0.7951224495302127,0.7951224495302127,0.7951224495302127
Cytochrome P-450 CYP3A7 Inhibitors,0.7951224495302127,0.7951224495302127,0.7951224495302127,0.7951224495302127
Bile Acids and Salts,0.7951224495302127,0.7951224495302127,0.7951224495302127,0.7951224495302127
Cholic Acids,0.7951224495302127,0.7951224495302127,0.7951224495302127,0.7951224495302127
Vasoconstrictor Agents,0.7951224495302127,0.7951224495302127,0.7951224495302127,0.7951224495302127
Chelating Agents,0.7951224495302127,0.7951224495302127,0.7951224495302127,0.7951224495302127
Anti-Obesity Agents,0.7951224495302127,0.7951224495302127,0.7951224495302127,0.7951224495302127
Anti-Acne Preparations,0.8015794252586834,0.8015794252586834,0.8015794252586834,0.8015794252586834
Anti-Acne Preparations for Topical Use,0.8015794252586834,0.8015794252586834,0.8015794252586834,0.8015794252586834
Monosaccharides,0.8015794252586834,0.8015794252586834,0.8015794252586834,0.8015794252586834
"Hydrocarbons, Acyclic",0.8015794252586834,0.8015794252586834,0.8015794252586834,0.8015794252586834
Otologicals,0.8015794252586834,0.8015794252586834,0.8015794252586834,0.8015794252586834
Immunologic Factors,0.8179517990495967,0.8179517990495967,0.8179517990495967,0.8179517990495967
Protein Synthesis Inhibitors,0.8179517990495967,0.8179517990495967,0.8179517990495967,0.8179517990495967
Cardiovascular Agents,0.8336037527248197,0.8336037527248197,0.8336037527248197,0.8336037527248197
Cardiac Therapy,0.8442231763562825,0.8442231763562825,0.8442231763562825,0.8442231763562825
Cytochrome P-450 CYP2B6 Inhibitors,0.8442231763562825,0.8442231763562825,0.8442231763562825,0.8442231763562825
Protease Inhibitors,0.8442231763562825,0.8442231763562825,0.8442231763562825,0.8442231763562825
Cytochrome P-450 CYP2C19 Inhibitors,0.8504498432848873,0.8504498432848873,0.8504498432848873,0.8504498432848873
Cytochrome P-450 CYP2C19 Inducers,0.8508688630759846,0.8508688630759846,0.8508688630759846,0.8508688630759846
Intestinal Antiinfectives,0.8508688630759846,0.8508688630759846,0.8508688630759846,0.8508688630759846
Sequestering Agents,0.8508688630759846,0.8508688630759846,0.8508688630759846,0.8508688630759846
Sulfonic Acids,0.8508688630759846,0.8508688630759846,0.8508688630759846,0.8508688630759846
"Amino Acids, Branched-Chain",0.8508688630759846,0.8508688630759846,0.8508688630759846,0.8508688630759846
"Lactams, Macrocyclic",0.8508688630759846,0.8508688630759846,0.8508688630759846,0.8508688630759846
Ketones,0.8508688630759846,0.8508688630759846,0.8508688630759846,0.8508688630759846
Sugar Acids,0.8508688630759846,0.8508688630759846,0.8508688630759846,0.8508688630759846
Keto Acids,0.8508688630759846,0.8508688630759846,0.8508688630759846,0.8508688630759846
Cytochrome P-450 CYP3A Inhibitors,0.8547720956921658,0.8547720956921658,0.8547720956921658,0.8547720956921658
Immunosuppressive Agents,0.8568774950172414,0.8568774950172414,0.8568774950172414,0.8568774950172414
Coenzymes,0.8568774950172414,0.8568774950172414,0.8568774950172414,0.8568774950172414
Myelosuppressive Agents,0.8632073305333223,0.8632073305333223,0.8632073305333223,0.8632073305333223
Anions,0.8783757749729404,0.8783757749729404,0.8783757749729404,0.8783757749729404
Cytochrome P-450 CYP2E1 Inhibitors,0.8783757749729404,0.8783757749729404,0.8783757749729404,0.8783757749729404
Antihypertensive Agents,0.8783757749729404,0.8783757749729404,0.8783757749729404,0.8783757749729404
Electrolytes,0.8783757749729404,0.8783757749729404,0.8783757749729404,0.8783757749729404
Ions,0.8783757749729404,0.8783757749729404,0.8783757749729404,0.8783757749729404
Blood and Blood Forming Organs,0.880678530286649,0.880678530286649,0.880678530286649,0.880678530286649
"Antiobesity Preparations, Excl. Diet Products",0.8914656725740319,0.8914656725740319,0.8914656725740319,0.8914656725740319
Sulfur Acids,0.8914656725740319,0.8914656725740319,0.8914656725740319,0.8914656725740319
Osmotic Laxative,0.8914656725740319,0.8914656725740319,0.8914656725740319,0.8914656725740319
Macrolides,0.8914656725740319,0.8914656725740319,0.8914656725740319,0.8914656725740319
Antiinfectives and Antiseptics for Local Oral Treatment,0.8914656725740319,0.8914656725740319,0.8914656725740319,0.8914656725740319
Proteins,0.8914656725740319,0.8914656725740319,0.8914656725740319,0.8914656725740319
Cytochrome P-450 CYP2C8 Inhibitors (moderate),0.8914656725740319,0.8914656725740319,0.8914656725740319,0.8914656725740319
Food Additives,0.8914656725740319,0.8914656725740319,0.8914656725740319,0.8914656725740319
"Antidiarrheals, Intestinal Antiinflammatory/antiinfective Agents",0.8914656725740319,0.8914656725740319,0.8914656725740319,0.8914656725740319
Cycloparaffins,0.8952781587786504,0.8952781587786504,0.8952781587786504,0.8952781587786504
Enzyme Inhibitors,0.9010868724580801,0.9010868724580801,0.9010868724580801,0.9010868724580801
Cytochrome P-450 CYP3A4 Inhibitors,0.9044644616749489,0.9044644616749489,0.9044644616749489,0.9044644616749489
Ethylamines,0.9054972105925142,0.9054972105925142,0.9054972105925142,0.9054972105925142
OCT2 Inhibitors,0.9054972105925142,0.9054972105925142,0.9054972105925142,0.9054972105925142
Cytochrome P-450 CYP2D6 Inhibitors (moderate),0.9054972105925142,0.9054972105925142,0.9054972105925142,0.9054972105925142
Cytochrome P-450 CYP2C8 Inhibitors,0.9076677363208754,0.9076677363208754,0.9076677363208754,0.9076677363208754
Cytochrome P-450 CYP3A Inducers,0.9076677363208754,0.9076677363208754,0.9076677363208754,0.9076677363208754
Cytochrome P-450 CYP3A4 Inducers,0.9076677363208754,0.9076677363208754,0.9076677363208754,0.9076677363208754
Amino Acids,0.9103814326388894,0.9103814326388894,0.9103814326388894,0.9103814326388894
Protective Agents,0.9129765358550227,0.9129765358550227,0.9129765358550227,0.9129765358550227
Enzymes and Coenzymes,0.9189008185598744,0.9189008185598744,0.9189008185598744,0.9189008185598744
Uracil Nucleotides,0.9210248131599181,0.9210248131599181,0.9210248131599181,0.9210248131599181
Elements,0.9210248131599181,0.9210248131599181,0.9210248131599181,0.9210248131599181
Glycols,0.9210248131599181,0.9210248131599181,0.9210248131599181,0.9210248131599181
First-Generation Cephalosporins,0.9210248131599181,0.9210248131599181,0.9210248131599181,0.9210248131599181
Folic Acid Antagonists,0.9210248131599181,0.9210248131599181,0.9210248131599181,0.9210248131599181
OATP1B1/SLCO1B1 Substrates,0.9210248131599181,0.9210248131599181,0.9210248131599181,0.9210248131599181
Quinones,0.9210248131599181,0.9210248131599181,0.9210248131599181,0.9210248131599181
Excitatory Amino Acids,0.9210248131599181,0.9210248131599181,0.9210248131599181,0.9210248131599181
P-glycoprotein/ABCB1 Inducers,0.9210248131599181,0.9210248131599181,0.9210248131599181,0.9210248131599181
OATP1B1/SLCO1B1 Inhibitors,0.9234070521956619,0.9234070521956619,0.9234070521956619,0.9234070521956619
Neurotoxic agents,0.9234070521956619,0.9234070521956619,0.9234070521956619,0.9234070521956619
Gastrointestinal Agents,0.9234070521956619,0.9234070521956619,0.9234070521956619,0.9234070521956619
Sugar Phosphates,0.9268817424469267,0.9268817424469267,0.9268817424469267,0.9268817424469267
Ribonucleosides,0.9279942186178021,0.9279942186178021,0.9279942186178021,0.9279942186178021
Anti-Ulcer Agents,0.9425435387698642,0.9425435387698642,0.9425435387698642,0.9425435387698642
Blood Substitutes and Perfusion Solutions,0.9425435387698642,0.9425435387698642,0.9425435387698642,0.9425435387698642
"Antibiotics, Antineoplastic",0.9425435387698642,0.9425435387698642,0.9425435387698642,0.9425435387698642
Dermatologicals,0.9498581800812763,0.9498581800812763,0.9498581800812763,0.9498581800812763
Gynecological Antiinfectives and Antiseptics,0.9504980380918113,0.9504980380918113,0.9504980380918113,0.9504980380918113
Noxae,0.9512895628963358,0.9512895628963358,0.9512895628963358,0.9512895628963358
Antineoplastic Agents,0.9581354168958829,0.9581354168958829,0.9581354168958829,0.9581354168958829
Highest Risk QTc-Prolonging Agents,0.9582062180462739,0.9582062180462739,0.9582062180462739,0.9582062180462739
Polyketides,0.9582062180462739,0.9582062180462739,0.9582062180462739,0.9582062180462739
Piperidines,0.9582062180462739,0.9582062180462739,0.9582062180462739,0.9582062180462739
Phenethylamines,0.9582062180462739,0.9582062180462739,0.9582062180462739,0.9582062180462739
Food and Beverages,0.9601014953649013,0.9601014953649013,0.9601014953649013,0.9601014953649013
Physiological Phenomena,0.9601014953649013,0.9601014953649013,0.9601014953649013,0.9601014953649013
Food,0.9601014953649013,0.9601014953649013,0.9601014953649013,0.9601014953649013
Antineoplastic and Immunomodulating Agents,0.9601014953649013,0.9601014953649013,0.9601014953649013,0.9601014953649013
"Diet, Food, and Nutrition",0.9601014953649013,0.9601014953649013,0.9601014953649013,0.9601014953649013
Cytochrome P-450 CYP2C9 Inhibitors,0.9601014953649013,0.9601014953649013,0.9601014953649013,0.9601014953649013
Nucleosides,0.9601594335927923,0.9601594335927923,0.9601594335927923,0.9601594335927923
Cytochrome P-450 CYP1A2 Substrates,0.9601594335927923,0.9601594335927923,0.9601594335927923,0.9601594335927923
Pyridines,0.9618460564289322,0.9618460564289322,0.9618460564289322,0.9618460564289322
Cytochrome P-450 CYP3A5 Substrates,0.9668407768996492,0.9668407768996492,0.9668407768996492,0.9668407768996492
Steroids,0.9668407768996492,0.9668407768996492,0.9668407768996492,0.9668407768996492
Genito Urinary System and Sex Hormones,0.9679556552832111,0.9679556552832111,0.9679556552832111,0.9679556552832111
P-glycoprotein/ABCB1 Substrates,0.9691321470706524,0.9691321470706524,0.9691321470706524,0.9691321470706524
Dicarboxylic Acids,0.9696045222154832,0.9696045222154832,0.9696045222154832,0.9696045222154832
Drugs for Peptic Ulcer and Gastro-Oesophageal Reflux Disease (Gord),0.9696045222154832,0.9696045222154832,0.9696045222154832,0.9696045222154832
Pyrimidine Nucleotides,0.9696045222154832,0.9696045222154832,0.9696045222154832,0.9696045222154832
"Amino Acids, Acidic",0.9696045222154832,0.9696045222154832,0.9696045222154832,0.9696045222154832
Drugs for Acid Related Disorders,0.9696045222154832,0.9696045222154832,0.9696045222154832,0.9696045222154832
Antifungal Agents,0.9696045222154832,0.9696045222154832,0.9696045222154832,0.9696045222154832
"Antiparasitic Products, Insecticides and Repellents",0.9696045222154832,0.9696045222154832,0.9696045222154832,0.9696045222154832
Tetracyclines,0.9696045222154832,0.9696045222154832,0.9696045222154832,0.9696045222154832
Ethers,0.9696045222154832,0.9696045222154832,0.9696045222154832,0.9696045222154832
Lactones,0.9696045222154832,0.9696045222154832,0.9696045222154832,0.9696045222154832
Cytochrome P-450 Enzyme Inducers,0.9736193731907851,0.9736193731907851,0.9736193731907851,0.9736193731907851
OAT3/SLC22A8 Substrates,0.9743494851500832,0.9743494851500832,0.9743494851500832,0.9743494851500832
Antibiotics for Topical Use,0.9778980446918003,0.9778980446918003,0.9778980446918003,0.9778980446918003
"Amino Acids, Sulfur",0.9778980446918003,0.9778980446918003,0.9778980446918003,0.9778980446918003
"Antimetabolites, Antineoplastic",0.9778980446918003,0.9778980446918003,0.9778980446918003,0.9778980446918003
"Amino Acids, Dicarboxylic",0.9778980446918003,0.9778980446918003,0.9778980446918003,0.9778980446918003
Naphthacenes,0.9778980446918003,0.9778980446918003,0.9778980446918003,0.9778980446918003
Pyrimidines,0.9784946780781701,0.9784946780781701,0.9784946780781701,0.9784946780781701
Micronutrients,0.9807055889441079,0.9807055889441079,0.9807055889441079,0.9807055889441079
Moderate Risk QTc-Prolonging Agents,0.9807055889441079,0.9807055889441079,0.9807055889441079,0.9807055889441079
Agents that produce neuromuscular block (indirect),0.9815751036375808,0.9815751036375808,0.9815751036375808,0.9815751036375808
Musculo-Skeletal System,0.9839314475330545,0.9839314475330545,0.9839314475330545,0.9839314475330545
Cytochrome P-450 CYP3A4 Inhibitors (weak),0.9839314475330545,0.9839314475330545,0.9839314475330545,0.9839314475330545
Vitamin B Complex,0.9853344258656604,0.9853344258656604,0.9853344258656604,0.9853344258656604
Central Nervous System Agents,0.9855564589947197,0.9855564589947197,0.9855564589947197,0.9855564589947197
Cytochrome P-450 CYP2D6 Inhibitors,0.988849039316939,0.988849039316939,0.988849039316939,0.988849039316939
Growth Substances,0.9888763818183597,0.9888763818183597,0.9888763818183597,0.9888763818183597
Cytochrome P-450 CYP1A2 Inhibitors,0.9897786519893341,0.9897786519893341,0.9897786519893341,0.9897786519893341
Muscarinic Antagonists,0.9915112928955623,0.9915112928955623,0.9915112928955623,0.9915112928955623
Aniline Compounds,0.9915112928955623,0.9915112928955623,0.9915112928955623,0.9915112928955623
Antiparasitic Agents,0.9936371867291165,0.9936371867291165,0.9936371867291165,0.9936371867291165
Sulfonamides,0.993831776286233,0.993831776286233,0.993831776286233,0.993831776286233
Beta-Lactam Antibacterials,0.995200222543962,0.995200222543962,0.995200222543962,0.995200222543962
Vitamins,0.995200222543962,0.995200222543962,0.995200222543962,0.995200222543962
"Amino Acids, Neutral",0.995518713751452,0.995518713751452,0.995518713751452,0.995518713751452
BCRP/ABCG2 Inhibitors,0.995518713751452,0.995518713751452,0.995518713751452,0.995518713751452
Supplements,0.9960900572263934,0.9960900572263934,0.9960900572263934,0.9960900572263934
Anticholinergic Agents,0.9967448637330876,0.9967448637330876,0.9967448637330876,0.9967448637330876
Hypotensive Agents,0.9967448637330876,0.9967448637330876,0.9967448637330876,0.9967448637330876
Dietary Supplements,0.9976130180201861,0.9976130180201861,0.9976130180201861,0.9976130180201861
Agents that reduce seizure threshold,0.9976345475266375,0.9976345475266375,0.9976345475266375,0.9976345475266375
Narrow Therapeutic Index Drugs,0.9976345475266375,0.9976345475266375,0.9976345475266375,0.9976345475266375
Antiprotozoals,0.9976359345553945,0.9976359345553945,0.9976359345553945,0.9976359345553945
Sensory Organs,0.9977573610482732,0.9977573610482732,0.9977573610482732,0.9977573610482732
P-glycoprotein/ABCB1 Inhibitors,0.9987228706918637,0.9987228706918637,0.9987228706918637,0.9987228706918637
Quinolones,0.9987537324080287,0.9987537324080287,0.9987537324080287,0.9987537324080287
Agents that produce hypertension,0.9989068172543838,0.9989068172543838,0.9989068172543838,0.9989068172543838
Ophthalmologicals,0.9993270276971744,0.9993270276971744,0.9993270276971744,0.9993270276971744
Antimetabolites,0.9993434656850599,0.9993434656850599,0.9993434656850599,0.9993434656850599
Adenine Nucleotides,0.9995236066931877,0.9995236066931877,0.9995236066931877,0.9995236066931877
Quinolines,0.9995236066931877,0.9995236066931877,0.9995236066931877,0.9995236066931877
Psychotropic Drugs,0.9996428475858257,0.9996428475858257,0.9996428475858257,0.9996428475858257
Cytochrome P-450 CYP3A4 Substrates,0.999736262331486,0.999736262331486,0.999736262331486,0.999736262331486
Nephrotoxic agents,0.9997519752904631,0.9997519752904631,0.9997519752904631,0.9997519752904631
Cytochrome P-450 CYP3A Substrates,0.9997864015079763,0.9997864015079763,0.9997864015079763,0.9997864015079763
Purine Nucleotides,0.999818184908376,0.999818184908376,0.999818184908376,0.999818184908376
Central Nervous System Depressants,0.9998508505215193,0.9998508505215193,0.9998508505215193,0.9998508505215193
Sulfur Compounds,0.9998598949068498,0.9998598949068498,0.9998598949068498,0.9998598949068498
Ribonucleotides,0.9999396761802405,0.9999396761802405,0.9999396761802405,0.9999396761802405
Carbohydrates,0.9999417366449023,0.9999417366449023,0.9999417366449023,0.9999417366449023
Cytochrome P-450 Enzyme Inhibitors,0.9999424106531263,0.9999424106531263,0.9999424106531263,0.9999424106531263
"Nucleic Acids, Nucleotides, and Nucleosides",0.999945719751835,0.999945719751835,0.999945719751835,0.999945719751835
Cytochrome P-450 CYP2D6 Substrates,0.9999552764428137,0.9999552764428137,0.9999552764428137,0.9999552764428137
Serotonergic Drugs Shown to Increase Risk of Serotonin Syndrome,0.9999619864022558,0.9999619864022558,0.9999619864022558,0.9999619864022558
Azabicyclo Compounds,0.9999799412177752,0.9999799412177752,0.9999799412177752,0.9999799412177752
Nucleotides,0.9999818522203716,0.9999818522203716,0.9999818522203716,0.9999818522203716
Psychoanaleptics,0.9999861746282472,0.9999861746282472,0.9999861746282472,0.9999861746282472
Purines,0.99998781430937,0.99998781430937,0.99998781430937,0.99998781430937
Amides,0.9999878311142907,0.9999878311142907,0.9999878311142907,0.9999878311142907
Aza Compounds,0.9999879995947495,0.9999879995947495,0.9999879995947495,0.9999879995947495
beta-Lactams,0.9999890025365488,0.9999890025365488,0.9999890025365488,0.9999890025365488
Thiazines,0.9999899894193375,0.9999899894193375,0.9999899894193375,0.9999899894193375
Cephalosporins,0.9999899894193375,0.9999899894193375,0.9999899894193375,0.9999899894193375
OAT3/SLC22A8 Inhibitors,0.9999927529013973,0.9999927529013973,0.9999927529013973,0.9999927529013973
Neurotransmitter Agents,0.9999932000850461,0.9999932000850461,0.9999932000850461,0.9999932000850461
Lactams,0.9999957607172874,0.9999957607172874,0.9999957607172874,0.9999957607172874
Nervous System,0.9999984156557105,0.9999984156557105,0.9999984156557105,0.9999984156557105
QTc Prolonging Agents,0.9999995123616505,0.9999995123616505,0.9999995123616505,0.9999995123616505
Glycosides,0.9999997156538306,0.9999997156538306,0.9999997156538306,0.9999997156538306
Antiinfectives for Systemic Use,0.9999999558149659,0.9999999558149659,0.9999999558149659,0.9999999558149659
Anti-Bacterial Agents,0.9999999941838618,0.9999999941838618,0.9999999941838618,0.9999999941838618
Antibacterials for Systemic Use,0.9999999974403881,0.9999999974403881,0.9999999974403881,0.9999999974403881
Anti-Infective Agents,0.9999999982795437,0.9999999982795437,0.9999999982795437,0.9999999982795437
